ترتیب,لغت,معنی,تلفظ,مثال,دسته
1,number,عدد,,,
2,cook,غداپختن,کوُک,,
3,page,صفحه,,,
4,material,جنس/ماده,,,
5,colour,رنگ,,,
6,improve,بهبود دادن,,,
7,completely,کاملا,,,
8,straight,راست(درست)/مستقیم,اِستِرِیت,راه مستقیم,
9,paper,کاغذ,,,
10,possibility,امکان,,,
11,control,کنترل کردن/نظارت کردن,,,
12,battle,جنگ,,,
13,organization,سازماندهی/سازمان,,,
14,jury,هیت داوران,جوری,هیت داوران، جوری,
15,thanks,تشکر,,,
16,voice,صدا,,,
17,football,فوتبال,,,
18,dish,ظرف,,,
19,following,پیروی / ذیل ( پایین),,,
20,national,ملی,نَش نال,inetnational,
21,balance,تعادل,بَلِنس,,
22,eat,خوردن,,,
23,truth,صدات / راستی,تُروث,از فامیلای true,
24,data,داده,,,
25,united,متحد,,United States of America,
26,chance,شانس,,,
27,concept,مفهوم,,,
28,fee,هزینه / دستمزد,فی,فی در فاکتور ها ,
29,breast,-------,,,
30,share,به اشتراک گذاشتن / سهم,,,
31,element,عنصر ,,,
32,aid,کمک / کمک کردن,عید,,
33,immediately,بی درنگ ، فورا,,,
34,decade,دهه,دِ کِید,,
35,chain,زنجیر,,بلاک چین,
36,long,بلند,,,
37,plant,گیاه,,plants vs zombies,
38,system,سیستم,,,
39,title,عنوان,,,
40,city,شهر,,,
41,easy,آسان,,,
42,employee,کارمند,ایم پِلویی,,
43,criminal,جنایی,کِر می نال,,
44,repeat,تکرار کردن,,,
45,health,سلامت ، تندرستی,,,
46,similar,شبیه,,,
47,define,تعریف کردن,,,
48,money,پول,,,
49,chicken,مرغ,,,
50,aim,هدف / هدف گیری کردن,عیم,,
51,sister,خواهر,,,
52,watch,تماشا کردن(فعل) ، پاییدن ، ساعت مچی,,,
53,guide,راهنما ، راهنمایی کردن,,,
54,score,امتیاز,  اِسکور,,
55,crowd,جمیعت ، ازدحام,کِرآود,,
56,crisis,بحران ، مرحله بحرانی,,,
57,blow,فوت کردن ، دمیدن,بِلوع,,
58,hole,سوراخ,هول,,
59,break,شکستن,,,
60,check,چک,,,
61,judge,قاضی,جاج,,
62,seem,به نظر رسیدن,سیم,,
63,tell,گفتن,,,
64,general,عمومی,,,
65,usually,به طور معمول,,,
66,stay,ماندن / توقف کردن,,stay at home,
67,map,نقشه,,,
68,oppose,مخالفت کردن,آپوزِ,oppose it of,
69,salt,نمک,,,
70,largely,به مقدار زیاد,,,
71,golden,طلایی,,,
72,wide,عریض,,,
73,fight,دعوا,,,
74,surprise,غافلگیر کردن,,,
75,core,هسته,,,
76,interview,مصاحبه / مصاحبه کردن,,,
77,week,هفته,,,
78,need,نیاز / نیاز داشتن,,,
79,ancient,باستانی,اِی شِنت,,
80,child,بچه,,,
81,context,فحوای کلام (‌محتوا، مغز کلام),,,
82,novel,رمان,نا وِل,,
83,late,دیر,,,
84,major,اکبر / بزرگ,مِی جِر,,
85,charge,پر کردن / پول گرفتن,,,
86,business,کسب و کار,,,
87,season,فصل ,,,
88,trust,اعتماد,,,
89,generally,به طور عمومی,,,
90,neck,گردن,,,
91,motion,حرکت,,,
92,enough,کافی,,,
93,may,امکان داشتن ,,,
94,classroom,کلاس درس,,,
95,arm,بازو,آرم,,
96,opening,باز کردن (گشایش) / افتتاح,,,
97,shift,تغییر جهت / شیفت (نوبت کاری),,,
98,court,دادگاه / زمین (محوطه),,football court,
99,figure,شکل ,,,
100,secret,راز,,,
101,quiet,ساکت,,,
102,attract,جذب کردن,,,
103,economic,اقتصادی / به صرفه,,,
104,little,مقدار کم / کوچک,,,
105,fund,سرمایه,,,
106,scientist,دانشمند,ساین تیست,,
107,board,تخته,,,
108,session,جلسه,سِ شِن,,
109,fast,سریع,,,
110,zone,ناحیه ( منطقه) / بخش,,,
111,domestic,اهلی,,,
112,sound,صدا,,,
113,hot,داغ,,,
114,democratic,دموکراتیک (مردمی),,,
115,deliver,تحویل دادن,,دلیوری,
116,piece,تکه,پیس,,
117,vehicle,وسیله نقلیه,ویِ کول,,
118,mountain,کوه,ماُ تِین,,
119,address,آدرس,,,
120,institution,موسسه,اینست تی تیو شن,,
121,catch,گرفتن,کَج,,
122,class,کلاس ,,,
123,give,دادن,,,
124,warm,گرم,,,
125,water,آب,,,
126,reading,خواندن,,,
127,man,مرد,,,
128,apparently,ظاهرا (به ظاهر) / بدون تردید,آپِرنتلی,,
129,down,پایین,,,
130,limited,محدود,,,
131,involve,درگیر کردن / شامل شدن,این ولو,,
132,soul,روح,,,
133,count,شمردن,,,
134,status,وضیعت,,,
135,training,تربیت (پرورش) / ورزش کردن,,,
136,spring,بهار,اِسپیرین,,
137,train,قطار,,,
138,site,مکان (جا) / محل,,,
139,tiny,ریز,,,
140,southern,جنوبی,سادِن,,
141,carry,حمل کردن,,,
142,ought,بایدوشاید (باید),مثل out,,
143,declare,اعلان کردن / اظهار کردن,دِک لِیر,,
144,location,موقعیت / مکان,,,
145,angry,عصبانی,,,
146,emerge,پدیدار شدن / بیرون امدن,اِمِرج,,
147,upper,بالایی,,,
148,responsibility,مسئولیت / پاسخ گو بودن,,,
149,conversation,گفت و گو,,,
150,direct,هدایت کردن ,,,
151,politician,سیاست مدار,پآ لی تی شن,,
152,produce,تولید کردن,,,
153,politics,علم سیاست,پآلی تیکس,,
154,british,اهل بریتانیا ( بریتانیایی),,,
155,telephone,تلفن,,,
156,bridge,پل,,,
157,sport,ورزش,,,
158,effective,موثر,,,
159,cheap,ارزان,چِیپ,,
160,vegteable,سبزیجات,,,
161,wine,مشروب,وآ ین,,
162,surround,محاصره کردن / احاطه کرن,سِرَُند,,
163,specifically,به ویژه / مخصوصا,اِس پی سیفیک لی,,
164,pour,ریختن (ریختن مایع ...),,,
165,busy,مشغول,,,
166,make,ساختن,,,
167,independent,مستقل,,,
168,bar,بار,,,
169,lesson,درس,,,
170,critic,منتقد,کِر تیک,مسعود فراستی,
171,family,خانواده,,,
172,course,دوره / مسیر,,,
173,admit,پذیرفتن,,,
174,office,دفتر,,,
175,coach,مربی,,,
176,prove,ثابت کردن,,,
177,learn,یاد گرفتن,,,
178,cool,سرد,,,
179,crew,خدمه (کارکنان بخشی ...),کرو,,
180,support,پشتیبانی کردن,,,
181,attention,توجه,,,
182,brother,برادر,,,
183,gray,خاکستری,,,
184,accept,پذیرفتن ,,,
185,practise,تمرین کردن / مشق,,,
186,background, پس زمینه,,,
187,center,مرکز,,,
188,enjoy,لذت بردن,,,
189,date,تاریخ,,,
190,mouth,دهان,,,
191,meet,ملاقات کردن,,,
192,mind,ذهن / فکر ,,,
193,range,محدوده,,,
194,save,ذخیره کردن / نجات دادن,,,
195,remain,باقی ماندن,,,
196,century,قرن,,,
197,investor,سرمایه گذار,این وِستر,,
198,run,دویدن / فرارکردن,,,
199,native,بومی,,,
200,stare,خیره نگاه کردن (زل زدن),اِستیِر,,
201,interested,علاقه مند,,,
202,visit,ملاقات کردن,,,
203,belong,تعلق داشتن,,,
204,media,رسانه,,,
205,professional,حرفه ای,,,
206,key,کلید,,,
207,physical,فیزیکی / جسمی,,,
208,issue, موضوع / مسله / بیرون آمدن,,,
209,life,زندگی,,,
210,will,خواهست - ارايده / فعل کمکی خواهم,,,
211,explain,توضیح دادن,,,
212,daily,روزانه,,,
213,central,مرکزی,,,
214,simple,ساده,,,
215,american,امریکایی (اهل امریکا),,,
216,speech,گفتار (سخن) / سخنرانی,,,
217,argue,بحث کردن / دلیل آوردن,,,
218,help,کمک کردن,,,
219,fun,شوخی / با صفا,,,
220,metal,فلز,,,
221,grade,رتبه / درجه,,,
222,president,رییس جمهور,,,
223,soil,خاک / کثیف کردن,,,
224,writing,نوشتن,,,
225,responsible,مسئول,,,
226,weather,آب و هوا,,,
227,district,بخش / ناحیه,دیس تی ریکت,,
228,bed,تختخواب,,,
229,likely,احتمالی,,,
230,evidence,دلیل / سند ,اِ وی دِنس,,
231,front,جلو,,,
232,screen,صفحه نمایش,,,
233,household,خانوار,,,
234,test,آزمون / امتحان کردن,,,
235,friend,دوست,,,
236,street,خیابان,,,
237,leave,ترک کردن,,,
238,most,بیشتر,,,
239,rich,پولدار / غنی,,,
240,could,می توانست,,,
241,otherwise,در غیر این صورت,,,
242,slowly,به آرامی,,,
243,bring,آوردن / روی آوردن,بیرینگ,,
244,old,پیر / کهنه / ساله,,,
245,store,فروشگاه,,,
246,mental,روحی / روانی,,,
247,wake,بیدار شدن,,,
248,ready,آماده / آماده کردن,,,
249,planet,سیاره,,,
250,pool,استخر,,,
251,funny,خنده دار / بانمک,,,
252,table,میز / جدول / فهرست,,,
253,actual,واقعی / حقیقی,,,
254,guess,حدس زدن,,,
255,talk,حرف زدن,تاک,,
256,successful,موفق,,,
257,left,چپ / گذشته leave ,,,
258,reaction, واکنش / عکس العمل,,,
259,discussion,بحث,دیس کاشن,,
260,speak,صحبت کردن,,,
261,basis/base,پایه مبنا,,,
262,career,شغل / حرفه,کو رو ری اِر,,
263,gun,اسلحه,,,
264,beach,ساحل,,,
265,confidence,اطمینان / رازگویی,,,
266,ask,خواستن / پرسیدن,,,
267,studio,استودیو,,,
268,regional,منطقه ای,,,
269,aside,به کنار ,,,
270,sure,یقین / مطمن,,,
271,alive,زنده,,,
272,order,سفارش / دستور / ترتیب,,,
273,consumer,مشتری,,,
274,complex,پیچیده / مجتمع,,,
275,birth,تولد,,happy birthday,
276,current,جاری / فعلی / در حال حاضر,,,
277,twice,دوبار / دو برابر,تو آیس,,
278,finally,بالاخره / سر انجام,,,
279,have,داشتن,,,
280,development,توسعه ,,,
281,bit,(مقدار یا تعداد کم ) کمی,,,
282,strike,ضربه زدن,استرآیک,,
283,file,پرونده,,,
284,agent,نماینده / مامور,,,
285,paint,رنگ کردن / نقاشی کردن,,,
286,student,دانشاموز,,,
287,decide,تصمیم گرفتن,,,
288,significant,مهم / معنی دار,سِگ نِ فِ کِت,,
289,easier,اسان تر,,,
290,body ,بدن,,,
291,warn,هشدار دادن,وُرن,,
292,perfect,کامل,,,
293,production,تولید,,,
294,basically,اساسا,بیسیک لی,,
295,condition,شرط,,,
296,where,کجا,,,
297,say,گفتن,,,
298,actor,بازیگر,,,
299,internet,اینترنت,,,
300,clear,پاک / واضح / شفاف,,,
301,brian,مغز,,,
302,minute,دقیقه,,,
303,job,شغل / کار,,,
304,special,ويژه / مخصوص,,,
305,fat,چاغ / چربی,,,
306,literature,ادبیات,لیی دِرِ چِر,,
307,age ,سن / عصر(دوران),,,
308,collection,مجموعه,,,
309,extremely,به شدت,اکستریم لی,,
310,security,امنیت,,,
311,thinking,تفکر,,,
312,university,دانشگاه,,,
313,famous,مشهور,,,
314,heavy,سنگین,,,
315,promise,قول / قول دادن,,,
316,reflect,بازتاب دادن / انعکاس,,reflect = reflex,
317,union,اتحاد / اتصال(پیوند),یو نی اِن,,
318,big,بزرگ,,,
319,summer,تابستان,,,
320,west,غرب,,,
321,depend,وابسته بودن,,,اسم
322,defence,پدافند / دفاع,,,فعل
323,defend,دفاع کردن,,,
324,machine,ماشین,,,
325,christmas,کریسمس,,,
326,why,چرا,,,
327,shot,شلیک / گذشته shoot,شآت,,
328,estate,املاک,,,
329,duty,وظیفه,,,
330,authority,نفوذ,آثو ریتی,,
331,close,بسته شدن,,,
332,ocean,اقیانوس,,,
333,sleep,خوابیدن,,,
334,welcome,خوشامد گفتن / استقبال کردن,,,
335,content,محتوا / گنجایش,,,
336,seed,دانه,,,
337,patient,صبور / بیمار,پی شِنت,,
338,might,امکان داشتن (محتمل) / توانایی (قدرت),مایت,,
339,pretty,بسیار,,,
340,connect,متصل کردن / مربوط کردن,,,
341,winner,برنده,,,
342,even,حتی / زوج (اعداد) / هموار,,,
343,income,درآمد,,,
344,year,سال,,,
345,teaching,آموزش,,,
346,chinese,چینی,,,
347,senior,ارشد / بالاتر (بالا رتبه),,,
348,scale,مقیاس / پولک,,,
349,still,هنوز,,,
350,terrible,وحشتناک / افتضاح (بسیار بد),,,
351,protect,محافت کردن ,,,
352,black,سیاه,,,
353,topic,موضوع / مبحث,,,
354,end,پایان,,,
355,entire,کامل ,,,
356,chief,رییس / سر (پیشرو),چیف,,
357,example,نمونه / مثال,,,
358,prison,زندان,پی ری زِن,,
359,value,ارزش / مقدار / بها (قیمت),,,
360,local,محلی / موضعی,,,
361,stage,صحنه نمایش / مرحله,,,
362,long-term,بلند مدت ,,,
363,short-term,کوتاه مدت,,,
364,look,نگاه کردن,,,
365,prevent,مانع شدن / پیشگیری کردن,,,
366,suppose,خیال کردن / فرض کردن,,,
367,relief,آسودگی (راحتی) / امداد (کمک),رِلیف,,
368,sun,خورشید,,,
369,critical,بحرانی / وخیم / منتقدانه,,,
370,rush,عجله کردن در انجام کار / هجوم بردن,,,
371,code,کد,,,
372,quarter,یک چهارم / ربع,کوآرتر,,
373,firm,استوار (محکم) / شرکت,فِرم,,
374,entirely,سراسر,,,
375,below,پایین,,,
376,theater,تئاتر,,,
377,restaurant,رستوران,,,
378,effect,اثر / جلوه,,,
379,world,جهان,,,
380,steal,دزد,,,
381,mission,ماموریت,,,
382,farmer,کشاور,,,
383,blame,سرزنش کردن / مقصر دانستن,,,
384,pound,واحد وزن,,,
385,nation,ملت,,,
386,return,بازگشتن,,,
387,month,ماه (تاریخ),,,
388,sale,فروش,,,
389,learning,یادگیری,,,
390,component,اجزا,,,
391,chest,قفسه سینه,,,
392,house,خانه,,,
393,married,متاهل,,,
394,realize,درک کردن / تحقق یافتن,,,
395,popular,محبوب,,,
396,reason,دلیل,ری زِن,,
397,stock,موجودی / سهام / سرمایه,,,
398,arrive,وارد شدن / رسیدن,,,
399,perspective,دیدگاه,,,
400,common,مشترک,,,
401,drink,نوشیدن,,,
402,character,کاراکتر,,,
403,together,باهم,,,
404,measure,اندازه / اندازه گرفتن,,,
405,importance,اهمیت ,,,
406,education,تحصیل (آموزش)‌ / تحصیلات,,,
407,then,سپس,,,
408,hero,قهرمان,,,
409,teacher,معلم,,,
410,manage,اداره کردن,,,
411,anywher,هر کجا,,,
412,story,داستان,,,
413,pocket,جیب,پآکِت,,
414,cross,صلیب,,,
415,so ,خوب / این قدر / چنین,,,
416,sell,فروختن,,,
417,response,پاسخ / جوابگویی,,,
418,citizen,تابع / شهروند,,,
419,exist,وجود داشتن,,,
420,idea,ایده / تصور,,,
421,presence,حضور,پرِ زِنس,,
422,express,سریع / اظهار داشتن,,,
423,fan,پنکه / طرفدار,,,
424,senate,مجلس سنا (آمریکا),,,
425,morning,صبح,,,
426,marry,ازدواج کردن,,,
427,desire,میل داشتن (n-v)/ آرزو کردن(n-v),دی زایِر,,
428,active,فعال,,,
429,strong,قوی,,,
430,card,کارت,,,
431,winter,زمستان,,,
432,show,نمایش دادن / نشان دادن,,,
433,comment,نظر / توضیح,,,
434,lift,بلند کردن,,,
435,ahead,پیش / جلو,,,
436,tired,خسته,,,
437,again,دوباره,,,
438,easy,آسان,,,
439,forward,فرستادن / جلو / به جلو,,,
440,easily,به آسانی,,,
441,frame,قاب,,,
442,software,نرم افزار,,,
443,rating,دسته بندی / درجه,,,
444,somewhat,کمی / مقداری,,,
445,fine,خوب,,,
446,waste,هدر دادن / باطل,,,
447,answer,جواب,,,
448,text,متن / نوشته,,,
449,feature,ویژگی,فی چِر,,
450,weapon,سلاح,وِ پِن,,
451,party,مهمانی,,,
452,action,کنش / رفتار,,,
453,rain,باران,,,
454,complain,شکایت کردن,,,
455,yard,واحد اندازه گیری طول,,,
456,handle,رسیدگی,,,
457,question,سوال,,,
458,situation,وضعیت / حالت,,,
459,refer,مراجعه کردن,,,
460,apart,جدا / مجزا,,,
461,back,پشت / عقب,,,
462,disease,بیماری,دِ زیز,,
463,live ,زنده / زدگی کردن,,,
464,old,پیر / قدیمی,,,
465,young,جوان,,,
466,majority,اکثریت,مآ چوری تی ,,
467,garden,باغ / باغچه ,,,
468,landscape,منظره,,,
469,massage,پیام,,,
470,shoot,شلیک کردن,,,
471,trail,به دنبال کشیدن,,,
472,always,همیشه,,,
473,modern,نوین,,,
474,performance,اجرا / کارایی,,,
475,resource,منبع,,,
476,insist,اصرار کردن / سماجت,,,
477,remove,برداشتن / پاک کردن,,,
478,spread,پخش کردن,اسپرد,,
479,perception,درک (اسم),,,
480,option,گزینه / اختیار,,,
481,consider,در نظر گرفتن,,,
482,rare,نادر / کمیاب,,,
483,Imagine,تصور کردن / فرض کردن,,,
484,bus,اتوبوس,,,
485,credit,اعتبار / ابرو,,,
486,prefer,ترجیح دادن,,,
487,worker,گارگر,,,
488,tax,مالیات,,,
489,match,کربریت / مسابقه / تطبیق دادن,,,
490,dangerous,خطرناک,,,
491,holiday,تعطیلات,,,
492,woman,زن,,,
493,forget,فراموش کردن ,,,
494,phone,تلفن,,,
495,lady,بانو (موادبانه خانم),,,
496,perform,انجام دادن,,,
497,school,مدرسه,,,
498,baby,کودک,,,
499,compare,مقایسه کردن,,,
500,ground,زمین,,,
501,word,کلمه / لغت ,,,
502,witness,شاهد / شهادت (نه به شهید),,,
503,army,ارتش / لشگر,آٰر می,,
504,song,آهنگ,,,
505,loss,ضرر ,,,
506,somewhere,در یک محلی / جایی,,,
507,suffer,تحمل کردن / رنج کشیدن,سافِر,,
508,club,باشگاه / انجمن / کلاب,,,
509,variable,تغییر پذیر / متغییر,,,
510,coverage,پوشش,,,
511,should,باید,,,
512,afford,از عهده برآوردن,اِ فورد,,
513,producer,تولید کننده / تهیه کننده,,,
514,thick,کلفت / قطور,سیک,,
515,indicate,نشان دادن/ایجاب داشتن,,,
516,occur,به وقوع پیوستن,اِ کِر,,
517,religious,مذهبی / دینی / روحانی,,,
518,nuclear,هسته ای / اتمی,new clear,,
519,poll,رای گیری / نمومه برداشتن,,,
520,goverrnor,فرماندار / هیت مدیره,گاوِرنِر,,
521,often,اغلب,,,
522,blood,خون,,,
523,quick,سریع,,,
524,opinion,نظر / عقیده,اِ پی تی اِن ,,
525,car,خودرو,,,
526,partner,همکار (شریک) / همسر,,,
527,blue,آبی,,,
528,technique,تکنیک / فن (شگرد),تکنیک,,
529,hour,ساعت (60 دقیقه),آَ ور,,
530,colleague,همکار,کا لیگ,,
531,real,واقعی,,,
532,engage,درگیر کردن ( به کاری گرفتن),این گِیج,,
533,executive,اجرایی / مجری (کارگزار),اِ گزَ کِ تیو ,,
534,expect,منتظر بودن / حامله بودن,,,
535,travel,سفر کردن (v) / سفر (n),,,
536,manager,اداره کننده (مدیر),,,
537,feel,احساس کردن (v) / احساس (n),,,
538,lead,هدایت کردن / رهبری کردن,,,
539,establish,برقرار کردن / تاسیس کردن,,,
540,available,در دسترس (اشیا)/حاضر (اشخاص),,,
541,equal,برابر / مساوی,ایی کوآل,,
542,reveal,آشکار کردن / فاش کردن,ری ویل,,
543,historical,تاریخی,,history,
544,thought,گذشته think,ثات,,
545,league,لیگ,,,
546,sometimes,بعضی اوقات / گاهی,,,
547,identity,هویت,,,
548,identify,شناسایی کردن,,,
549,significantly,به طور چشمگیر / به طور قابل ملاحظه,سِگ نی فی کیت لی,,
550,unique,منحصر به فرد,,,
551,youth,دوران جوانی / جوانی,یو س,,
552,affect,اثر کردن بر,,,
553,time,زمان,,,
554,husband,همسر,,,
555,earth,زمین,,,
556,average,میانگین / معدل / متوسط,,,
557,launch,افتتاح کردن / شروع کردن,,,
558,computer,رایانه,,,
559,kill ,کشتن,,,
560,product,محصول,,,
561,drug,دارو / مواد مخدر,دِراگ,,
562,shake,تکان دادن - تکان,,,
563,careful,مراقبت,,,
564,effort,تلاش / کوشش / تقلا,اِ فرت,,
565,sample,نمونه,,,
566,symbol,نماد,,,
567,them,آنها,,,
568,want, خواستن,,,
569,panel,صفحه / تابلو,,,
570,slip,لیز خوردن / لغزش (اشتباه),,,
571,currently,در حال حاضر,,,
572,set,مجموعه / تنظیم کردن,,,
573,movement,حرکت / جنبش,,,
574,invite,دعوت / دعوت کردن,,,
575,happy,خوش حال / شاد / مبارک,,,
576,seriously,جدا,,,
577,combination,ترکیب,,,
578,post meridiem,PM,,,
579,after morning,AM,,,
580,explore,کاوش کردن,,,
581,desk,میز,,,
582,community,انجمن,,,
583,emotional,احساساتی,اِ مو شنال,,
584,victim,قربانی ,ویک دِم,,
585,ethnic,نژادی,اِث نیک,,
586,survive,زنده ماندن,سِر وآیو,,
587,county,شهرستان,کانتی,,
588,us,ما,,,
589,tool,ابزار,,,
590,correct,درست / صحیح,,,
591,suddenly,ناگهانی,,,
592,pay,پرداحت کردن,,,
593,empty,خالی,,,
594,island,جزیره,آ یلند,,
595,global,سراسری / جهانی ,گِلو باآل,,
596,obvious,اشکار / معلوم,آب ویی یس,,
597,amount,بالغ بر (‌بیشتر از ) / مبلغ,آ مآ اونت,,
598,bill,صورت حساب,,,
599,sweet,شیرین,سوییت,,
600,interesting,جالب,,,
601,agency,نمایندگی / آژانس / سازمان,اِی جِنسی,,
602,propose,پیشنهاد کردن / خواستکاری کردن,پِرو پوز,,
603,window,پنچره,,,
604,,,,,
605,,,,,
606,,,,,
607,,,,,
608,,,,,
609,,,,,
610,,,,,
611,,,,,
612,,,,,
613,,,,,
614,,,,,
615,,,,,
616,,,,,
617,,,,,
618,,,,,
619,,,,,
620,,,,,
621,,,,,
622,,,,,
623,,,,,
624,,,,,
625,,,,,
626,,,,,
627,,,,,
628,,,,,
629,,,,,
630,,,,,
631,,,,,
632,,,,,
633,,,,,
634,,,,,
635,,,,,
636,,,,,
637,,,,,
638,,,,,
639,,,,,
640,,,,,
641,,,,,
642,,,,,
643,,,,,
644,,,,,
645,,,,,
646,,,,,
647,,,,,
648,,,,,
649,,,,,
650,,,,,
651,,,,,
652,,,,,
653,,,,,
654,,,,,
655,,,,,
656,,,,,
657,,,,,
658,,,,,
659,,,,,
660,,,,,
661,,,,,
662,,,,,
663,,,,,
664,,,,,
665,,,,,
666,,,,,
667,,,,,
668,,,,,
669,,,,,
670,,,,,
671,,,,,
672,,,,,
673,,,,,
674,,,,,
675,,,,,
676,,,,,
677,,,,,
678,,,,,
679,,,,,
680,,,,,
681,,,,,
682,,,,,
683,,,,,
684,,,,,
685,,,,,
686,,,,,
687,,,,,
688,,,,,
689,,,,,
690,,,,,
691,,,,,
692,,,,,
693,,,,,
694,,,,,
695,,,,,
696,,,,,
697,,,,,
698,,,,,
699,,,,,
700,,,,,
701,,,,,
702,,,,,
703,,,,,
704,,,,,
705,,,,,
706,,,,,
707,,,,,
708,,,,,
709,,,,,
710,,,,,
711,,,,,
712,,,,,
713,,,,,
714,,,,,
715,,,,,
716,,,,,
717,,,,,
718,,,,,
719,,,,,
720,,,,,
721,,,,,
722,,,,,
723,,,,,
724,,,,,
725,,,,,
726,,,,,
727,,,,,
728,,,,,
729,,,,,
730,,,,,
731,,,,,
732,,,,,
733,,,,,
734,,,,,
735,,,,,
736,,,,,
737,,,,,
738,,,,,
739,,,,,
740,,,,,
741,,,,,
742,,,,,
743,,,,,
744,,,,,
745,,,,,
746,,,,,
747,,,,,
748,,,,,
749,,,,,
750,,,,,
751,,,,,
752,,,,,
753,,,,,
754,,,,,
755,,,,,
756,,,,,
757,,,,,
758,,,,,
759,,,,,
760,,,,,
761,,,,,
762,,,,,
763,,,,,
764,,,,,
765,,,,,
766,,,,,
767,,,,,
768,,,,,
769,,,,,
770,,,,,
771,,,,,
772,,,,,
773,,,,,
774,,,,,
775,,,,,
776,,,,,
777,,,,,
778,,,,,
779,,,,,
780,,,,,
781,,,,,
782,,,,,
783,,,,,
784,,,,,
785,,,,,
786,,,,,
787,,,,,
788,,,,,
789,,,,,
790,,,,,
791,,,,,
792,,,,,
793,,,,,
794,,,,,
795,,,,,
796,,,,,
797,,,,,
798,,,,,
799,,,,,
800,,,,,
801,,,,,
802,,,,,
803,,,,,
804,,,,,
805,,,,,
806,,,,,
807,,,,,
808,,,,,
809,,,,,
810,,,,,
811,,,,,
812,,,,,
813,,,,,
814,,,,,
815,,,,,
816,,,,,
817,,,,,
818,,,,,
819,,,,,
820,,,,,
821,,,,,
822,,,,,
823,,,,,
824,,,,,
825,,,,,
826,,,,,
827,,,,,
828,,,,,
829,,,,,
830,,,,,
831,,,,,
832,,,,,
833,,,,,
834,,,,,
835,,,,,
836,,,,,
837,,,,,
838,,,,,
839,,,,,
840,,,,,
841,,,,,
842,,,,,
843,,,,,
844,,,,,
845,,,,,
846,,,,,
847,,,,,
848,,,,,
849,,,,,
850,,,,,
851,,,,,
852,,,,,
853,,,,,
854,,,,,
855,,,,,
856,,,,,
857,,,,,
858,,,,,
859,,,,,
860,,,,,
861,,,,,
862,,,,,
863,,,,,
864,,,,,
865,,,,,
866,,,,,
867,,,,,
868,,,,,
869,,,,,
870,,,,,
871,,,,,
872,,,,,
873,,,,,
874,,,,,
875,,,,,
876,,,,,
877,,,,,
878,,,,,
879,,,,,
880,,,,,
881,,,,,
882,,,,,
883,,,,,
884,,,,,
885,,,,,
886,,,,,
887,,,,,
888,,,,,
889,,,,,
890,,,,,
891,,,,,
892,,,,,
893,,,,,
894,,,,,
895,,,,,
896,,,,,
897,,,,,
898,,,,,
899,,,,,
900,,,,,
901,,,,,
902,,,,,
903,,,,,
904,,,,,
905,,,,,
906,,,,,
907,,,,,
908,,,,,
909,,,,,
910,,,,,
911,,,,,
912,,,,,
913,,,,,
914,,,,,
915,,,,,
916,,,,,
917,,,,,
918,,,,,
919,,,,,
920,,,,,
921,,,,,
922,,,,,
923,,,,,
924,,,,,
925,,,,,
926,,,,,
927,,,,,
928,,,,,
929,,,,,
930,,,,,
931,,,,,
932,,,,,
933,,,,,
934,,,,,
935,,,,,
936,,,,,
937,,,,,
938,,,,,
939,,,,,
940,,,,,
941,,,,,
942,,,,,
943,,,,,
944,,,,,
945,,,,,
946,,,,,
947,,,,,
948,,,,,
949,,,,,
950,,,,,
951,,,,,
952,,,,,
953,,,,,
954,,,,,
955,,,,,
956,,,,,
957,,,,,
958,,,,,
959,,,,,
960,,,,,
961,,,,,
962,,,,,
963,,,,,
964,,,,,
965,,,,,
966,,,,,
967,,,,,
968,,,,,
969,,,,,
970,,,,,
971,,,,,
972,,,,,
973,,,,,
974,,,,,
975,,,,,
976,,,,,
977,,,,,
978,,,,,
979,,,,,
980,,,,,
981,,,,,
982,,,,,
983,,,,,
984,,,,,
985,,,,,
986,,,,,
987,,,,,
988,,,,,
989,,,,,
990,,,,,
991,,,,,
992,,,,,
993,,,,,
994,,,,,
995,,,,,
996,,,,,
997,,,,,
998,,,,,
999,,,,,
1000,,,,,
1001,,,,,
1002,,,,,
1003,,,,,
1004,,,,,
1005,,,,,
1006,,,,,
1007,,,,,
1008,,,,,
1009,,,,,
1010,,,,,
1011,,,,,
1012,,,,,
1013,,,,,
1014,,,,,
1015,,,,,
1016,,,,,
1017,,,,,
1018,,,,,
1019,,,,,
1020,,,,,
1021,,,,,
1022,,,,,
1023,,,,,
1024,,,,,
1025,,,,,
1026,,,,,
1027,,,,,
1028,,,,,
1029,,,,,
1030,,,,,
1031,,,,,
1032,,,,,
1033,,,,,
1034,,,,,
1035,,,,,
1036,,,,,
1037,,,,,
1038,,,,,
1039,,,,,
1040,,,,,
1041,,,,,
1042,,,,,
1043,,,,,
1044,,,,,
1045,,,,,
1046,,,,,
1047,,,,,
1048,,,,,
1049,,,,,
1050,,,,,
1051,,,,,
1052,,,,,
1053,,,,,
1054,,,,,
1055,,,,,
1056,,,,,
1057,,,,,
1058,,,,,
1059,,,,,
1060,,,,,
1061,,,,,
1062,,,,,
1063,,,,,
1064,,,,,
1065,,,,,
1066,,,,,
1067,,,,,
1068,,,,,
1069,,,,,
1070,,,,,
1071,,,,,
1072,,,,,
1073,,,,,
1074,,,,,
1075,,,,,
1076,,,,,
1077,,,,,
1078,,,,,
1079,,,,,
1080,,,,,
1081,,,,,
1082,,,,,
1083,,,,,
1084,,,,,
1085,,,,,
1086,,,,,
1087,,,,,
1088,,,,,
1089,,,,,
1090,,,,,
1091,,,,,
1092,,,,,
1093,,,,,
1094,,,,,
1095,,,,,
1096,,,,,
1097,,,,,
1098,,,,,
1099,,,,,
1100,,,,,
1101,,,,,
1102,,,,,
1103,,,,,
1104,,,,,
1105,,,,,
1106,,,,,
1107,,,,,
1108,,,,,
1109,,,,,
1110,,,,,
1111,,,,,
1112,,,,,
1113,,,,,
1114,,,,,
1115,,,,,
1116,,,,,
1117,,,,,
1118,,,,,
1119,,,,,
1120,,,,,
1121,,,,,
1122,,,,,
1123,,,,,
1124,,,,,
1125,,,,,
1126,,,,,
1127,,,,,
1128,,,,,
1129,,,,,
1130,,,,,
1131,,,,,
1132,,,,,
1133,,,,,
1134,,,,,
1135,,,,,
1136,,,,,
1137,,,,,
1138,,,,,
1139,,,,,
1140,,,,,
1141,,,,,
1142,,,,,
1143,,,,,
1144,,,,,
1145,,,,,
1146,,,,,
1147,,,,,
1148,,,,,
1149,,,,,
1150,,,,,
1151,,,,,
1152,,,,,
1153,,,,,
1154,,,,,
1155,,,,,
1156,,,,,
1157,,,,,
1158,,,,,
1159,,,,,
1160,,,,,
1161,,,,,
1162,,,,,
1163,,,,,
1164,,,,,
1165,,,,,
1166,,,,,
1167,,,,,
1168,,,,,
1169,,,,,
1170,,,,,
1171,,,,,
1172,,,,,
1173,,,,,
1174,,,,,
1175,,,,,
1176,,,,,
1177,,,,,
1178,,,,,
1179,,,,,
1180,,,,,
1181,,,,,
1182,,,,,
1183,,,,,
1184,,,,,
1185,,,,,
1186,,,,,
1187,,,,,
1188,,,,,
1189,,,,,
1190,,,,,
1191,,,,,
1192,,,,,
1193,,,,,
1194,,,,,
1195,,,,,
1196,,,,,
1197,,,,,
1198,,,,,
1199,,,,,
1200,,,,,
1201,,,,,
1202,,,,,
1203,,,,,
1204,,,,,
1205,,,,,
1206,,,,,
1207,,,,,
1208,,,,,
1209,,,,,
1210,,,,,
1211,,,,,
1212,,,,,
1213,,,,,
1214,,,,,
1215,,,,,
1216,,,,,
1217,,,,,
1218,,,,,
1219,,,,,
1220,,,,,
1221,,,,,
1222,,,,,
1223,,,,,
1224,,,,,
1225,,,,,
1226,,,,,
1227,,,,,
1228,,,,,
1229,,,,,
1230,,,,,
1231,,,,,
1232,,,,,
1233,,,,,
1234,,,,,
1235,,,,,
1236,,,,,
1237,,,,,
1238,,,,,
1239,,,,,
1240,,,,,
1241,,,,,
1242,,,,,
1243,,,,,
1244,,,,,
1245,,,,,
1246,,,,,
1247,,,,,
1248,,,,,
1249,,,,,
1250,,,,,
1251,,,,,
1252,,,,,
1253,,,,,
1254,,,,,
1255,,,,,
1256,,,,,
1257,,,,,
1258,,,,,
1259,,,,,
1260,,,,,
1261,,,,,
1262,,,,,
1263,,,,,
1264,,,,,
1265,,,,,
1266,,,,,
1267,,,,,
1268,,,,,
1269,,,,,
1270,,,,,
1271,,,,,
1272,,,,,
1273,,,,,
1274,,,,,
1275,,,,,
1276,,,,,
1277,,,,,
1278,,,,,
1279,,,,,
1280,,,,,
1281,,,,,
1282,,,,,
1283,,,,,
1284,,,,,
1285,,,,,
1286,,,,,
1287,,,,,
1288,,,,,
1289,,,,,
1290,,,,,
1291,,,,,
1292,,,,,
1293,,,,,
1294,,,,,
1295,,,,,
1296,,,,,
1297,,,,,
1298,,,,,
1299,,,,,
1300,,,,,
1301,,,,,
1302,,,,,
1303,,,,,
1304,,,,,
1305,,,,,
1306,,,,,
1307,,,,,
1308,,,,,
1309,,,,,
1310,,,,,
1311,,,,,
1312,,,,,
1313,,,,,
1314,,,,,
1315,,,,,
1316,,,,,
1317,,,,,
1318,,,,,
1319,,,,,
1320,,,,,
1321,,,,,
1322,,,,,
1323,,,,,
1324,,,,,
1325,,,,,
1326,,,,,
1327,,,,,
1328,,,,,
1329,,,,,
1330,,,,,
1331,,,,,
1332,,,,,
1333,,,,,
1334,,,,,
1335,,,,,
1336,,,,,
1337,,,,,
1338,,,,,
1339,,,,,
1340,,,,,
1341,,,,,
1342,,,,,
1343,,,,,
1344,,,,,
1345,,,,,
1346,,,,,
1347,,,,,
1348,,,,,
1349,,,,,
1350,,,,,
1351,,,,,
1352,,,,,
1353,,,,,
1354,,,,,
1355,,,,,
1356,,,,,
1357,,,,,
1358,,,,,
1359,,,,,
1360,,,,,
1361,,,,,
1362,,,,,
1363,,,,,
1364,,,,,
1365,,,,,
1366,,,,,
1367,,,,,
1368,,,,,
1369,,,,,
1370,,,,,
1371,,,,,
1372,,,,,
1373,,,,,
1374,,,,,
1375,,,,,
1376,,,,,
1377,,,,,
1378,,,,,
1379,,,,,
1380,,,,,
1381,,,,,
1382,,,,,
1383,,,,,
1384,,,,,
1385,,,,,
1386,,,,,
1387,,,,,
1388,,,,,
1389,,,,,
1390,,,,,
1391,,,,,
1392,,,,,
1393,,,,,
1394,,,,,
1395,,,,,
1396,,,,,
1397,,,,,
1398,,,,,
1399,,,,,
1400,,,,,
1401,,,,,
1402,,,,,
1403,,,,,
1404,,,,,
1405,,,,,
1406,,,,,
1407,,,,,
1408,,,,,
1409,,,,,
1410,,,,,
1411,,,,,
1412,,,,,
1413,,,,,
1414,,,,,
1415,,,,,
1416,,,,,
1417,,,,,
1418,,,,,
1419,,,,,
1420,,,,,
1421,,,,,
1422,,,,,
1423,,,,,
1424,,,,,
1425,,,,,
1426,,,,,
1427,,,,,
1428,,,,,
1429,,,,,
1430,,,,,
1431,,,,,
1432,,,,,
1433,,,,,
1434,,,,,
1435,,,,,
1436,,,,,
1437,,,,,
1438,,,,,
1439,,,,,
1440,,,,,
1441,,,,,
1442,,,,,
1443,,,,,
1444,,,,,
1445,,,,,
1446,,,,,
1447,,,,,
1448,,,,,
1449,,,,,
1450,,,,,
1451,,,,,
1452,,,,,
1453,,,,,
1454,,,,,
1455,,,,,
1456,,,,,
1457,,,,,
1458,,,,,
1459,,,,,
1460,,,,,
1461,,,,,
1462,,,,,
1463,,,,,
1464,,,,,
1465,,,,,
1466,,,,,
1467,,,,,
1468,,,,,
1469,,,,,
1470,,,,,
1471,,,,,
1472,,,,,
1473,,,,,
1474,,,,,
1475,,,,,
1476,,,,,
1477,,,,,
1478,,,,,
1479,,,,,
1480,,,,,
1481,,,,,
1482,,,,,
1483,,,,,
1484,,,,,
1485,,,,,
1486,,,,,
1487,,,,,
1488,,,,,
1489,,,,,
1490,,,,,
1491,,,,,
1492,,,,,
1493,,,,,
1494,,,,,
1495,,,,,
1496,,,,,
1497,,,,,
1498,,,,,
1499,,,,,
1500,,,,,
1501,,,,,
1502,,,,,
1503,,,,,
1504,,,,,
1505,,,,,
1506,,,,,
1507,,,,,
1508,,,,,
1509,,,,,
1510,,,,,
1511,,,,,
1512,,,,,
1513,,,,,
1514,,,,,
1515,,,,,
1516,,,,,
1517,,,,,
1518,,,,,
1519,,,,,
1520,,,,,
1521,,,,,
1522,,,,,
1523,,,,,
1524,,,,,
1525,,,,,
1526,,,,,
1527,,,,,
1528,,,,,
1529,,,,,
1530,,,,,
1531,,,,,
1532,,,,,
1533,,,,,
1534,,,,,
1535,,,,,
1536,,,,,
1537,,,,,
1538,,,,,
1539,,,,,
1540,,,,,
1541,,,,,
1542,,,,,
1543,,,,,
1544,,,,,
1545,,,,,
1546,,,,,
1547,,,,,
1548,,,,,
1549,,,,,
1550,,,,,
1551,,,,,
1552,,,,,
1553,,,,,
1554,,,,,
1555,,,,,
1556,,,,,
1557,,,,,
1558,,,,,
1559,,,,,
1560,,,,,
1561,,,,,
1562,,,,,
1563,,,,,
1564,,,,,
1565,,,,,
1566,,,,,
1567,,,,,
1568,,,,,
1569,,,,,
1570,,,,,
1571,,,,,
1572,,,,,
1573,,,,,
1574,,,,,
1575,,,,,
1576,,,,,
1577,,,,,
1578,,,,,
1579,,,,,
1580,,,,,
1581,,,,,
1582,,,,,
1583,,,,,
1584,,,,,
1585,,,,,
1586,,,,,
1587,,,,,
1588,,,,,
1589,,,,,
1590,,,,,
1591,,,,,
1592,,,,,
1593,,,,,
1594,,,,,
1595,,,,,
1596,,,,,
1597,,,,,
1598,,,,,
1599,,,,,
1600,,,,,
1601,,,,,
1602,,,,,
1603,,,,,
1604,,,,,
1605,,,,,
1606,,,,,
1607,,,,,
1608,,,,,
1609,,,,,
1610,,,,,
1611,,,,,
1612,,,,,
1613,,,,,
1614,,,,,
1615,,,,,
1616,,,,,
1617,,,,,
1618,,,,,
1619,,,,,
1620,,,,,
1621,,,,,
1622,,,,,
1623,,,,,
1624,,,,,
1625,,,,,
1626,,,,,
1627,,,,,
1628,,,,,
1629,,,,,
1630,,,,,
1631,,,,,
1632,,,,,
1633,,,,,
1634,,,,,
1635,,,,,
1636,,,,,
1637,,,,,
1638,,,,,
1639,,,,,
1640,,,,,
1641,,,,,
1642,,,,,
1643,,,,,
1644,,,,,
1645,,,,,
1646,,,,,
1647,,,,,
1648,,,,,
1649,,,,,
1650,,,,,
1651,,,,,
1652,,,,,
1653,,,,,
1654,,,,,
1655,,,,,
1656,,,,,
1657,,,,,
1658,,,,,
1659,,,,,
1660,,,,,
1661,,,,,
1662,,,,,
1663,,,,,
1664,,,,,
1665,,,,,
1666,,,,,
1667,,,,,
1668,,,,,
1669,,,,,
1670,,,,,
1671,,,,,
1672,,,,,
1673,,,,,
1674,,,,,
1675,,,,,
1676,,,,,
1677,,,,,
1678,,,,,
1679,,,,,
1680,,,,,
1681,,,,,
1682,,,,,
1683,,,,,
1684,,,,,
1685,,,,,
1686,,,,,
1687,,,,,
1688,,,,,
1689,,,,,
1690,,,,,
1691,,,,,
1692,,,,,
1693,,,,,
1694,,,,,
1695,,,,,
1696,,,,,
1697,,,,,
1698,,,,,
1699,,,,,
1700,,,,,
1701,,,,,
1702,,,,,
1703,,,,,
1704,,,,,
1705,,,,,
1706,,,,,
1707,,,,,
1708,,,,,
1709,,,,,
1710,,,,,
1711,,,,,
1712,,,,,
1713,,,,,
1714,,,,,
1715,,,,,
1716,,,,,
1717,,,,,
1718,,,,,
1719,,,,,
1720,,,,,
1721,,,,,
1722,,,,,
1723,,,,,
1724,,,,,
1725,,,,,
1726,,,,,
1727,,,,,
1728,,,,,
1729,,,,,
1730,,,,,
1731,,,,,
1732,,,,,
1733,,,,,
1734,,,,,
1735,,,,,
1736,,,,,
1737,,,,,
1738,,,,,
1739,,,,,
1740,,,,,
1741,,,,,
1742,,,,,
1743,,,,,
1744,,,,,
1745,,,,,
1746,,,,,
1747,,,,,
1748,,,,,
1749,,,,,
1750,,,,,
1751,,,,,
1752,,,,,
1753,,,,,
1754,,,,,
1755,,,,,
1756,,,,,
1757,,,,,
1758,,,,,
1759,,,,,
1760,,,,,
1761,,,,,
1762,,,,,
1763,,,,,
1764,,,,,
1765,,,,,
1766,,,,,
1767,,,,,
1768,,,,,
1769,,,,,
1770,,,,,
1771,,,,,
1772,,,,,
1773,,,,,
1774,,,,,
1775,,,,,
1776,,,,,
1777,,,,,
1778,,,,,
1779,,,,,
1780,,,,,
1781,,,,,
1782,,,,,
1783,,,,,
1784,,,,,
1785,,,,,
1786,,,,,
1787,,,,,
1788,,,,,
1789,,,,,
1790,,,,,
1791,,,,,
1792,,,,,
1793,,,,,
1794,,,,,
1795,,,,,
1796,,,,,
1797,,,,,
1798,,,,,
1799,,,,,
1800,,,,,
1801,,,,,
1802,,,,,
1803,,,,,
1804,,,,,
1805,,,,,
1806,,,,,
1807,,,,,
1808,,,,,
1809,,,,,
1810,,,,,
1811,,,,,
1812,,,,,
1813,,,,,
1814,,,,,
1815,,,,,
1816,,,,,
1817,,,,,
1818,,,,,
1819,,,,,
1820,,,,,
1821,,,,,
1822,,,,,
1823,,,,,
1824,,,,,
1825,,,,,
1826,,,,,
1827,,,,,
1828,,,,,
1829,,,,,
1830,,,,,
1831,,,,,
1832,,,,,
1833,,,,,
1834,,,,,
1835,,,,,
1836,,,,,
1837,,,,,
1838,,,,,
1839,,,,,
1840,,,,,
1841,,,,,
1842,,,,,
1843,,,,,
1844,,,,,
1845,,,,,
1846,,,,,
1847,,,,,
1848,,,,,
1849,,,,,
1850,,,,,
1851,,,,,
1852,,,,,
1853,,,,,
1854,,,,,
1855,,,,,
1856,,,,,
1857,,,,,
1858,,,,,
1859,,,,,
1860,,,,,
1861,,,,,
1862,,,,,
1863,,,,,
1864,,,,,
1865,,,,,
1866,,,,,
1867,,,,,
1868,,,,,
1869,,,,,
1870,,,,,
1871,,,,,
1872,,,,,
1873,,,,,
1874,,,,,
1875,,,,,
1876,,,,,
1877,,,,,
1878,,,,,
1879,,,,,
1880,,,,,
1881,,,,,
1882,,,,,
1883,,,,,
1884,,,,,
1885,,,,,
1886,,,,,
1887,,,,,
1888,,,,,
1889,,,,,
1890,,,,,
1891,,,,,
1892,,,,,
1893,,,,,
1894,,,,,
1895,,,,,
1896,,,,,
1897,,,,,
1898,,,,,
1899,,,,,
1900,,,,,
1901,,,,,
1902,,,,,
1903,,,,,
1904,,,,,
1905,,,,,
1906,,,,,
1907,,,,,
1908,,,,,
1909,,,,,
1910,,,,,
1911,,,,,
1912,,,,,
1913,,,,,
1914,,,,,
1915,,,,,
1916,,,,,
1917,,,,,
1918,,,,,
1919,,,,,
1920,,,,,
1921,,,,,
1922,,,,,
1923,,,,,
1924,,,,,
1925,,,,,
1926,,,,,
1927,,,,,
1928,,,,,
1929,,,,,
1930,,,,,
1931,,,,,
1932,,,,,
1933,,,,,
1934,,,,,
1935,,,,,
1936,,,,,
1937,,,,,
1938,,,,,
1939,,,,,
1940,,,,,
1941,,,,,
1942,,,,,
1943,,,,,
1944,,,,,
1945,,,,,
1946,,,,,
1947,,,,,
1948,,,,,
1949,,,,,
1950,,,,,
1951,,,,,
1952,,,,,
1953,,,,,
1954,,,,,
1955,,,,,
1956,,,,,
1957,,,,,
1958,,,,,
1959,,,,,
1960,,,,,
1961,,,,,
1962,,,,,
1963,,,,,
1964,,,,,
1965,,,,,
1966,,,,,
1967,,,,,
1968,,,,,
1969,,,,,
1970,,,,,
1971,,,,,
1972,,,,,
1973,,,,,
1974,,,,,
1975,,,,,
1976,,,,,
1977,,,,,
1978,,,,,
1979,,,,,
1980,,,,,
1981,,,,,
1982,,,,,
1983,,,,,
1984,,,,,
1985,,,,,
1986,,,,,
1987,,,,,
1988,,,,,
1989,,,,,
1990,,,,,
1991,,,,,
1992,,,,,
1993,,,,,
1994,,,,,
1995,,,,,
1996,,,,,
1997,,,,,
1998,,,,,
1999,,,,,
2000,,,,,